category,class_id,class_weight
Belanja,0,0.8093419955620762
Hiburan,1,1.0387367554100222
Hiburan Malam,2,2.39983314715818
Kuliner,3,0.5764032826149393
Religi,4,2.3959467751389667
Santai,5,2.301092104984477
