{
    "accuracy": [
        0.6245419383049011,
        0.6877760291099548,
        0.6907826662063599,
        0.6951047778129578,
        0.696138322353363,
        0.6955745816230774,
        0.6951047778129578,
        0.6937893629074097,
        0.6951987147331238,
        0.6968899965286255,
        0.6951047778129578,
        0.696138322353363,
        0.6974537372589111,
        0.6948229074478149,
        0.6981114149093628,
        0.696138322353363,
        0.6953866481781006,
        0.6927558183670044,
        0.6944470405578613,
        0.6936953663825989,
        0.6957624554634094,
        0.6944470405578613,
        0.6944470405578613,
        0.6953866481781006
    ],
    "loss": [
        1.3161344528198242,
        1.1710865497589111,
        1.1477293968200684,
        1.1364892721176147,
        1.132807970046997,
        1.1297717094421387,
        1.1288515329360962,
        1.1242388486862183,
        1.1257580518722534,
        1.1220462322235107,
        1.1195966005325317,
        1.1195063591003418,
        1.1135141849517822,
        1.115347981452942,
        1.1180903911590576,
        1.1137573719024658,
        1.111815094947815,
        1.1141834259033203,
        1.1122262477874756,
        1.1161011457443237,
        1.1147035360336304,
        1.112755298614502,
        1.115044116973877,
        1.1146800518035889
    ],
    "top3_accuracy": [
        0.8904443979263306,
        0.9330075979232788,
        0.9350746870040894,
        0.9350746870040894,
        0.9389269948005676,
        0.9373297095298767,
        0.9367659687995911,
        0.9357324242591858,
        0.9381753206253052,
        0.9371417760848999,
        0.9389269948005676,
        0.935544490814209,
        0.9390209317207336,
        0.9348867535591125,
        0.9361082315444946,
        0.9407122135162354,
        0.9402424097061157,
        0.9377995133399963,
        0.9417457580566406,
        0.9389269948005676,
        0.9367659687995911,
        0.938457190990448,
        0.9362961649894714,
        0.9396786689758301
    ],
    "val_accuracy": [
        0.6775047183036804,
        0.6775047183036804,
        0.6778827905654907,
        0.6793950796127319,
        0.6786389350891113,
        0.6786389350891113,
        0.6786389350891113,
        0.6786389350891113,
        0.6790170073509216,
        0.6786389350891113,
        0.6790170073509216,
        0.6786389350891113,
        0.6793950796127319,
        0.6786389350891113,
        0.6786389350891113,
        0.6786389350891113,
        0.6786389350891113,
        0.6786389350891113,
        0.6786389350891113,
        0.6786389350891113,
        0.6786389350891113,
        0.6786389350891113,
        0.6786389350891113,
        0.6786389350891113
    ],
    "val_loss": [
        1.0716192722320557,
        1.0222587585449219,
        1.00428307056427,
        1.0040451288223267,
        1.0034531354904175,
        0.9967095851898193,
        1.0005277395248413,
        0.9993210434913635,
        0.9921059012413025,
        0.9974820613861084,
        0.9973083734512329,
        0.9956796169281006,
        0.9936566948890686,
        0.9919831156730652,
        0.9952078461647034,
        0.9932240843772888,
        0.9920252561569214,
        0.991911768913269,
        0.9916034936904907,
        0.9928561449050903,
        0.9924432635307312,
        0.9920310378074646,
        0.9925540089607239,
        0.9925063252449036
    ],
    "val_top3_accuracy": [
        0.9410207867622375,
        0.9425330758094788,
        0.9395084977149963,
        0.9417769312858582,
        0.9432892203330994,
        0.9436672925949097,
        0.9436672925949097,
        0.9425330758094788,
        0.9429111480712891,
        0.9432892203330994,
        0.9425330758094788,
        0.9421550035476685,
        0.9425330758094788,
        0.9413988590240479,
        0.9413988590240479,
        0.9413988590240479,
        0.9413988590240479,
        0.9413988590240479,
        0.9413988590240479,
        0.9413988590240479,
        0.9413988590240479,
        0.9410207867622375,
        0.9410207867622375,
        0.9410207867622375
    ],
    "learning_rate": [
        0.0010000000474974513,
        0.0010000000474974513,
        0.0010000000474974513,
        0.0010000000474974513,
        0.0010000000474974513,
        0.0010000000474974513,
        0.0010000000474974513,
        0.0010000000474974513,
        0.0005000000237487257,
        0.0005000000237487257,
        0.0005000000237487257,
        0.0002500000118743628,
        0.0002500000118743628,
        0.0001250000059371814,
        0.0001250000059371814,
        0.0001250000059371814,
        6.25000029685907e-05,
        6.25000029685907e-05,
        3.125000148429535e-05,
        3.125000148429535e-05,
        3.125000148429535e-05,
        1.5625000742147677e-05,
        1.5625000742147677e-05,
        9.999999747378752e-06
    ]
}